{"entities":{"12c5ed3c-184d-4212-8f6d-fcf194241159":{"enabled":true,"tags":[],"children":["ec4bec96-6674-431c-b650-da644d68cee4"],"position":[0,0,0],"rotation":[0,0,0],"scale":[0.01,0.01,0.01],"resource_id":"12c5ed3c-184d-4212-8f6d-fcf194241159","name":"RootNode","components":{},"parent":null},"ec4bec96-6674-431c-b650-da644d68cee4":{"enabled":true,"tags":[],"children":[],"position":[0,0,0],"rotation":[0,0,0],"scale":[1,1,1],"resource_id":"ec4bec96-6674-431c-b650-da644d68cee4","name":"pSphere1","components":{"render":{"enabled":true,"type":"asset","asset":193508111,"materialAssets":[null],"layers":[0],"batchGroupId":null,"castShadows":true,"castShadowsLightmap":true,"receiveShadows":true,"lightmapped":false,"lightmapSizeMultiplier":1,"castShadowsLightMap":true,"lightMapped":false,"lightMapSizeMultiplier":1,"isStatic":false,"rootBone":null}},"parent":"12c5ed3c-184d-4212-8f6d-fcf194241159"}}}